capacity,cost,efficiency
15.8182898,3867061.06,0.0685210249
31.6239256,6255553.75,0.10860118
47.2795945,11268170.2,0.19876812
62.9405348,16695637.6,0.29587719
78.7307177,22095399.2,0.38920372
94.5011499,28236750.0,0.49611074
110.082175,38007203.7,0.67598494
126.029932,53685808.1,0.97409403
142.527645,84335235.5,1.55315955
159.295822,151562287.0,2.84952493
